Nombre,Dirección,Territorio,Descripción (sólo si es necesario),Coordenada,Categoría
Recambio lumínico en Eje Sta Rosa,Eje Santa Rosa,1,"Recambio lumínico Eje Sta Rosa, Ejecutado 2024 (Subdere)","[
          [
            -70.64174444147,
            -33.47770529795559
          ],
          [
            -70.64223577421056,
            -33.47769275241677
          ],
          [
            -70.64212046142447,
            -33.477960390179604
          ],
          [
            -70.64193495824698,
            -33.480820717132
          ],
          [
            -70.64154389749406,
            -33.4809043510023
          ],
          [
            -70.6417494550695,
            -33.47770111610951
          ],
          [
            -70.64224078781002,
            -33.47770529795559
          ]
           ]",SEGURIDAD
Iluminación en Edificio Vicuña Mackenna,Vicuña Mackenna 3557,1,"Iluminación en Edificio Vicuña Mackenna 3557, (Ejecutados 2024)","[
          [
            -70.62042765564527,
            -33.48398968790359
          ],
          [
            -70.62057528958643,
            -33.48401516361318
          ],
          [
            -70.62043783729585,
            -33.484291149988785
          ],
          [
            -70.62021893179643,
            -33.48457138140875
          ],
          [
            -70.61986242128572,
            -33.4849153005514
          ],
          [
            -70.61938938192961,
            -33.48538701936562
          ],
          [
            -70.61911172839433,
            -33.48576010424412
          ],
          [
            -70.61899346855546,
            -33.485901618778364
          ],
          [
            -70.61875694887706,
            -33.486377620512734
          ],
          [
            -70.61861812211014,
            -33.486682088718666
          ],
          [
            -70.61851528746683,
            -33.48699513237846
          ],
          [
            -70.61842787802122,
            -33.48692652016669
          ],
          [
            -70.61855127959186,
            -33.48654915202815
          ],
          [
            -70.61869524809208,
            -33.48625754824929
          ],
          [
            -70.61887520871664,
            -33.48592306035416
          ],
          [
            -70.61903974414494,
            -33.4856657610937
          ],
          [
            -70.61929168901887,
            -33.48536557765704
          ],
          [
            -70.61952306696472,
            -33.485103988384424
          ],
          [
            -70.61977501183934,
            -33.48485526342686
          ],
          [
            -70.6200063897852,
            -33.4846236912717
          ],
          [
            -70.6201812086779,
            -33.48441356044695
          ],
          [
            -70.62043829528436,
            -33.48398472044774
          ]
        ]",SEGURIDAD
Mejoramiento de Acera en Calle Pintor Cicarelli (en ejecución),"Calle Pintor Cicarelli, desde Estación Servicio Pte hacia el Ote.",1,"PAVIMENTACIÓN DE VEREDAS Y CALLES, SEGURIDAD VIAL Y PEATONAL
Proyecto de Mejoramiento de Aceras VII en ejecución: Calle Pintor Cicarelli, desde Estación Servicio Pte, 142,47 m. hacia el Ote","[
          [
            -70.63908190592615,
            -33.47704048321326
          ],
          [
            -70.63907654150725,
            -33.47713892212529
          ],
          [
            -70.64181775932288,
            -33.477223937459975
          ],
          [
            -70.64182848815985,
            -33.47713444763192
          ],
          [
            -70.6401386963557,
            -33.477071804697076
          ],
          [
            -70.63908727033505,
            -33.477044957582564
          ]
        ]",SEGURIDAD
Mejoramiento de Acera en Calle Vivaldi (en ejecución),"Calle Vivaldi, desde Pergolese hasta Chopin",1,"PAVIMENTACIÓN DE VEREDAS Y CALLES; SEGURIDAD VIAL Y PEATONAL
Proyecto de Mejoramiento de Aceras VII en ejecución: Calle Vivaldi, desde Pergolese hasta Chopin","[
          [
            -70.62348623980336,
            -33.47846695736771
          ],
          [
            -70.62347006608263,
            -33.47852316730987
          ],
          [
            -70.62403884193331,
            -33.47863109029685
          ],
          [
            -70.62405501565478,
            -33.478579377215546
          ],
          [
            -70.62348623980336,
            -33.47846695736771
          ]
        ]",SEGURIDAD
Mejoramiento de Acera en Calle Isabel Riquelme (en ejecución),"Calle Isabel Riquelme, desde Santa Rosa hacia el oriente",1,"PAVIMENTACIÓN DE VEREDAS Y CALLES; SEGURIDAD VIAL Y PEATONAL
Proyecto de Mejoramiento de Aceras VII en ejecución: Calle Isabel Riquelme, desde Santa Rosa hasta 97 m hacia el oriente","[
          [
            -70.64221029959494,
            -33.47769264356611
          ],
          [
            -70.64328050099152,
            -33.47768593186906
          ],
          [
            -70.64328050099152,
            -33.47761881487002
          ],
          [
            -70.64223980389362,
            -33.47762552657229
          ],
          [
            -70.64220493517647,
            -33.47769488079914
          ]
        ]",SEGURIDAD
Mejoramiento de Acera en Calle Nueva Macul (en ejecución),"Calle Nueva Macul, desde Fondo Poniente hasta Fondo Oriente",1,"PAVIMENTACIÓN DE VEREDAS Y CALLES; SEGURIDAD VIAL Y PEATONAL
Proyecto de Mejoramiento de Aceras VII en ejecución: Calle Nueva Macul, desde Fondo Poniente hasta Fondo Oriente","[
          [
            -70.63345395848815,
            -33.4819571956273
          ],
          [
            -70.63347809837123,
            -33.481999700940314
          ],
          [
            -70.6350203686687,
            -33.481541089877105
          ],
          [
            -70.63500695762268,
            -33.48150082147244
          ],
          [
            -70.63345395848815,
            -33.48195495850443
          ]
        ]",SEGURIDAD
Mejoramiento de Acera en Pje. San Gabriel (en ejecución),"Pje. San Gabriel, desde Pintor Cicarelli hasta Guayacán",1,"PAVIMENTACION DE VEREDAS Y CALLES; SEGURIDAD VIAL Y PEATONAL
Proyecto de Mejoramiento de Aceras VII en ejecución: Pje. San Gabriel, desde Pintor Cicarelli hasta Guayacán","[
          [
            -70.63767592435863,
            -33.47725584658209
          ],
          [
            -70.63767055994016,
            -33.477314014895
          ],
          [
            -70.6383277011493,
            -33.47732072662083
          ],
          [
            -70.63838939195664,
            -33.47728045625794
          ],
          [
            -70.63841084962833,
            -33.47708581590415
          ],
          [
            -70.6383464766125,
            -33.47708581590415
          ],
          [
            -70.63833038335778,
            -33.47725137209447
          ],
          [
            -70.63830624347685,
            -33.47727598177157
          ],
          [
            -70.63767592435863,
            -33.47726032106818
          ]
        ]",SEGURIDAD
Mejoramiento de Acera en Pje. Aromos (en ejecución),"Pje. Aromos, desde Pje. Avellanos hasta Pje. Peumos",1,"PAVIMENTACION DE VEREDAS Y CALLES; SEGURIDAD VIAL Y PEATONAL
Proyecto de Mejoramiento de Aceras VII en ejecución: Pje. Aromos, desde Pje. Avellanos hasta Pje. Peumos","[
          [
            -70.64131937294466,
            -33.4782083351265
          ],
          [
            -70.64009628563396,
            -33.478558459186594
          ],
          [
            -70.64011774330639,
            -33.47860208476872
          ],
          [
            -70.64132876067663,
            -33.478255316712854
          ],
          [
            -70.64131129295596,
            -33.478207216520545
          ]
        ]",SEGURIDAD
Mejoramiento de Acera en Calle Ana (en ejecución),"Calle Ana, desde Isabel Riquelme hasta Nueva Macul",1,"PAVIMENTACION DE VEREDAS Y CALLES; SEGURIDAD VIAL Y PEATONAL
Proyecto de Mejoramiento de Aceras VII en ejecución: Calle Ana, desde Isabel Riquelme hasta Nueva Macul","[
          [
            -70.6338361894733,
            -33.47926630784705
          ],
          [
            -70.63389519807141,
            -33.479346846709326
          ],
          [
            -70.63479642030067,
            -33.48153926473635
          ],
          [
            -70.63471595403013,
            -33.48156611032729
          ],
          [
            -70.63384691830954,
            -33.479436334245634
          ],
          [
            -70.63378254529295,
            -33.47931552604962
          ],
          [
            -70.63384155389103,
            -33.47927078223061
          ]
        ]",SEGURIDAD
Mejoramiento de Acera en Calle Lira (en ejecución),"Calle Lira, desde Santa María hasta Isabel Riquelme",1,"PAVIMENTACION DE VEREDAS Y CALLES; SEGURIDAD VIAL Y PEATONAL
Proyecto de Mejoramiento de Aceras VII en ejecución: Calle Lira, desde Santa María hasta Isabel Riquelme","[
          [
            -70.63007666433688,
            -33.48112264183653
          ],
          [
            -70.63004164850544,
            -33.48097661385717
          ],
          [
            -70.63184496382847,
            -33.47370410908101
          ],
          [
            -70.63200253507024,
            -33.47376252520679
          ],
          [
            -70.63018171183181,
            -33.48094740823119
          ],
          [
            -70.63021672766324,
            -33.481093436260736
          ],
          [
            -70.63007666433688,
            -33.48113724462121
          ]
        ]",SEGURIDAD
Mejoramiento de Acera en Calle Rameau (en ejecución),"Calle Rameau, desde Gluck hasta Isabel Riquelme",1,"PAVIMENTACION DE VEREDAS Y CALLES; SEGURIDAD VIAL Y PEATONAL
Proyecto de Mejoramiento de Aceras VII en ejecución: Calle Rameau, desde Gluck hasta Isabel Riquelme","[
          [
            -70.62557921590641,
            -33.48412114925227
          ],
          [
            -70.6256757754309,
            -33.48410325272006
          ],
          [
            -70.62563286008677,
            -33.48393323548273
          ],
          [
            -70.62633023443006,
            -33.4813023998997
          ],
          [
            -70.6265018958074,
            -33.48096235409508
          ],
          [
            -70.62664137067604,
            -33.48036279639903
          ],
          [
            -70.62652335347907,
            -33.48035384774576
          ],
          [
            -70.62639460744663,
            -33.480917611126586
          ],
          [
            -70.62622294607004,
            -33.48124870854603
          ],
          [
            -70.62555775823397,
            -33.483736373000355
          ],
          [
            -70.62551484288983,
            -33.48394218376623
          ],
          [
            -70.62557921590641,
            -33.48413904578076
          ]
        ]",SEGURIDAD
Mejoramiento de Acera en Pje. Casablanca Ote/Pte (en ejecución),"Pje. Casablanca Ote/Pte, desde Pintor Cicarelli hasta Fondo Sur",1,"PAVIMENTACION DE VEREDAS Y CALLES; SEGURIDAD VIAL Y PEATONAL
Proyecto de Mejoramiento de Aceras VII en ejecución: Pje. Casablanca Ote/Pte, desde Pintor Cicarelli hasta Fondo Sur","[
          [
            -70.63555783604325,
            -33.47695127409136
          ],
          [
            -70.63586580595535,
            -33.47700402623897
          ],
          [
            -70.63556608523724,
            -33.478492540990544
          ],
          [
            -70.63524318972092,
            -33.47844756438807
          ],
          [
            -70.63517798878199,
            -33.478486045038856
          ],
          [
            -70.63561599628645,
            -33.47854932015934
          ],
          [
            -70.63593179950814,
            -33.47696503552412
          ],
          [
            -70.6355111256353,
            -33.476897151610096
          ],
          [
            -70.63517844032823,
            -33.478484196159506
          ],
          [
            -70.63524319256041,
            -33.47844440523945
          ],
          [
            -70.63555508631241,
            -33.47695586123627
          ]
        ]",SEGURIDAD
Mejoramiento de Acera en Calle Carlos Fernandez Concha (en ejecución),"Calle Carlos Fernandez Concha, desde Carmen hasta Lira",1,"PAVIMENTACION DE VEREDAS Y CALLES; SEGURIDAD VIAL Y PEATONAL
Proyecto de Mejoramiento de Aceras VII en ejecución: Calle Carlos Fernandez Concha, desde Carmen hasta Lira","[
          [
            -70.6316777318712,
            -33.4748916767284
          ],
          [
            -70.63166163861725,
            -33.47496774505177
          ],
          [
            -70.63474617898461,
            -33.47539730609415
          ],
          [
            -70.6347676366563,
            -33.47533466190782
          ],
          [
            -70.63167236745348,
            -33.47489615133782
          ]
        ]",SEGURIDAD
Mejoramiento de Acera en Calle Guido Darezzo (en ejecución),"Calle Guido Darezzo, desde Juan Sebastian Bach hasta E. Soro (I. Riquelme)",1,"PAVIMENTACION DE VEREDAS Y CALLES; SEGURIDAD VIAL Y PEATONAL
Proyecto de Mejoramiento de Aceras VII en ejecución: Calle Guido Darezzo, desde Juan Sebastian Bach hasta E. Soro (I. Riquelme)","[
          [
            -70.6291736058383,
            -33.48036189236326
          ],
          [
            -70.62923529664569,
            -33.480370841016956
          ],
          [
            -70.628902702728,
            -33.48157666354416
          ],
          [
            -70.6288973383095,
            -33.48162364330381
          ],
          [
            -70.62892952481816,
            -33.481731025513014
          ],
          [
            -70.62886783401082,
            -33.48174221115257
          ],
          [
            -70.62884101192063,
            -33.48163035469577
          ],
          [
            -70.62884637633839,
            -33.48156995214805
          ],
          [
            -70.62917628804756,
            -33.48036412952738
          ]
        ]",SEGURIDAD
Mejoramiento de Acera en Av. Isabel Riquelme (en ejecución),"Av. Isabel Riquelme, desde Carmen Vicuña Mackenna hasta Santa Maria",1,"PAVIMENTACION DE VEREDAS Y CALLES; SEGURIDAD VIAL Y PEATONAL
Proyecto de Mejoramiento de Aceras VII en ejecución: Av. Isabel Riquelme, desde Carmen hasta Vicuña Mackenna ","[
          [
            -70.6337208992397,
            -33.479189499284466
          ],
          [
            -70.63377033700618,
            -33.47929759448821
          ],
          [
            -70.6331319020608,
            -33.47962727815332
          ],
          [
            -70.63236391948215,
            -33.479821153280064
          ],
          [
            -70.632102359401,
            -33.47992416246232
          ],
          [
            -70.63059417593034,
            -33.480965911897165
          ],
          [
            -70.63014588082412,
            -33.48128612887015
          ],
          [
            -70.62957749011406,
            -33.481628616882645
          ],
          [
            -70.62864956459558,
            -33.4818846152512
          ],
          [
            -70.62823515840424,
            -33.48211479101312
          ],
          [
            -70.62707597528356,
            -33.4832357641664
          ],
          [
            -70.62668567235743,
            -33.48362434179524
          ],
          [
            -70.62638536054227,
            -33.48392037205539
          ],
          [
            -70.62613552569594,
            -33.48409711937474
          ],
          [
            -70.62550403165419,
            -33.48425824008135
          ],
          [
            -70.6241069702454,
            -33.484552676399645
          ],
          [
            -70.62234762529793,
            -33.48501875832827
          ],
          [
            -70.6203593102986,
            -33.48541570906893
          ],
          [
            -70.62042538669532,
            -33.48530439170042
          ],
          [
            -70.62236075046317,
            -33.484932953066554
          ],
          [
            -70.62392309597257,
            -33.48450993617498
          ],
          [
            -70.6251375293796,
            -33.48425983644941
          ],
          [
            -70.62609116511244,
            -33.48401675333752
          ],
          [
            -70.6262494349062,
            -33.483916678827306
          ],
          [
            -70.62677786914067,
            -33.48340963866971
          ],
          [
            -70.62823434694921,
            -33.48198507919071
          ],
          [
            -70.6287044736733,
            -33.48177466839537
          ],
          [
            -70.62959234685829,
            -33.48153512256135
          ],
          [
            -70.6300818582633,
            -33.48123114372321
          ],
          [
            -70.63085882926741,
            -33.480687188759326
          ],
          [
            -70.63143400436887,
            -33.48027911357026
          ],
          [
            -70.63200943537255,
            -33.479881775357946
          ],
          [
            -70.6321432888933,
            -33.47980793039728
          ],
          [
            -70.63228555524181,
            -33.479762153330086
          ],
          [
            -70.63291478994721,
            -33.4795868220963
          ],
          [
            -70.6331192008617,
            -33.47953195345774
          ],
          [
            -70.6332142450097,
            -33.479484101800075
          ],
          [
            -70.6337401907005,
            -33.47922191109046
          ]
        ]",SEGURIDAD
Mejoramiento de Acera en Calle Santa María (en ejecución),"Calle Santa María, desde Carmen hasta Lira",1,"PAVIMENTACION DE VEREDAS Y CALLES; SEGURIDAD VIAL Y PEATONAL
Proyecto de Mejoramiento de Aceras VII en ejecución: Calle Santa María, desde Carmen hasta Lira","[
          [
            -70.63190267518827,
            -33.473656989527974
          ],
          [
            -70.63501940206353,
            -33.474766701317826
          ],
          [
            -70.63500330880959,
            -33.47483829513991
          ],
          [
            -70.63187048868035,
            -33.47371516025705
          ],
          [
            -70.63189194635204,
            -33.47365251485456
          ]
        ]",SEGURIDAD
Mejoramiento de Acera en Calle Pergolesse (en ejecución),"Calle Pergolesse, desde Verdi hasta Fondo Sur",1,"PAVIMENTACION DE VEREDAS Y CALLES; SEGURIDAD VIAL Y PEATONAL, Proyecto de Mejoramiento de Aceras VII en ejecución: Calle Pergolesse, desde Verdi hasta Fondo Sur","[
          [
            -70.62432169700308,
            -33.477599333258844
          ],
          [
            -70.62438070560192,
            -33.4776105194319
          ],
          [
            -70.62411195260164,
            -33.47859348048898
          ],
          [
            -70.62404944690867,
            -33.47858603255987
          ],
          [
            -70.62432179314307,
            -33.47759917637267
          ]
        ]",SEGURIDAD
Pavimentación Pasaje Lizst (a ejecutarse 2025-2026),"Pasaje Lizst, tramo: Fondo poniente",1,"Pavimentación Participativa a Ejecutarse 2025-2026: Pasaje Lizst, tramo: Fondo poniente","[
          [
            -70.62330633577983,
            -33.48367136314437
          ],
          [
            -70.62329489217109,
            -33.4837151085906
          ],
          [
            -70.62382129820125,
            -33.48381293923428
          ],
          [
            -70.62383274181053,
            -33.48376442161216
          ],
          [
            -70.6233053821459,
            -33.48367056777271
          ]
        ]",SEGURIDAD
Pavimentación Pje. Peumos (a ejecutarse 2025-2026),"Pje Peumos, tramo Isabel Riquelme-Pje. Aromos",1,"Pavimentación Participativa a Ejecutarse 2025-2026: Pje Peumos, tramo Isabel Riquelme-Pje. Aromos","[
          [
            -70.63988004474938,
            -33.47807671201456
          ],
          [
            -70.63982402258239,
            -33.47809673826299
          ],
          [
            -70.64004330935033,
            -33.47857603176482
          ],
          [
            -70.6400993315173,
            -33.47855600562717
          ],
          [
            -70.63988004474938,
            -33.478075376930654
          ]
        ]",SEGURIDAD
Pavimentación Calle San Francisco de California (a ejecutarse 2025-2026),"Calle San Francisco de California, tramo Pje. San Gabriel a Pje El Volcán",1,"Pavimentación Participativa a Ejecutarse 2025-2026: Calle San Francisco de California, tramo Pje. San Gabriel a Pje El Volcán","[
          [
            -70.63789047097629,
            -33.477309645802386
          ],
          [
            -70.63794744905265,
            -33.477311908929906
          ],
          [
            -70.63789271923764,
            -33.478358536279934
          ],
          [
            -70.63783103303741,
            -33.47837783081683
          ],
          [
            -70.63789014897979,
            -33.47730804944367
          ]
        ]",SEGURIDAD
Señalización y Demarcación entre Santa Elena y Av. Vicuña Mackenna (a ejecutarse 2025),Señalización y Demarcación: Entre Santa Elena y Av. Vicuña Mackenna,1,Mitigaciones Asociadas a Construcción Edificios a ejecutarse 2025: Señalización y Demarcación: Entre Santa Elena y Av. Vicuña Mackenna,"[
          [
            -70.62239720814992,
            -33.47812379324461
          ],
          [
            -70.62237575047746,
            -33.47830277075154
          ],
          [
            -70.62521889203317,
            -33.47621765986151
          ],
          [
            -70.62544419759085,
            -33.47604762714743
          ],
          [
            -70.6255836724595,
            -33.475743357245435
          ],
          [
            -70.62674238675365,
            -33.4715640125353
          ],
          [
            -70.62662436955743,
            -33.47153716384504
          ],
          [
            -70.6254189594569,
            -33.47582643096889
          ],
          [
            -70.62530211363033,
            -33.47603021758617
          ],
          [
            -70.62239159030199,
            -33.47815665803978
          ]
        ]",SEGURIDAD
Señalización de eje Santa (a ejecutarse 2025),Señalización de eje Santa Elena entre Rodrigo de Araya y limite de comuna de Santiago,1,Mitigaciones Asociadas a Construcción Edificios a ejecutarse 2025: Señalización de eje Santa Elena entre Rodrigo de Araya y límite de comuna de Santiago,"[
          [
            -70.6232106535748,
            -33.4748888057812
          ],
          [
            -70.62318946534289,
            -33.47497275576898
          ],
          [
            -70.62553076501447,
            -33.47541901486825
          ],
          [
            -70.62556254736344,
            -33.47533064691023
          ],
          [
            -70.62320535651705,
            -33.47488438735818
          ]
        ]",SEGURIDAD
Demarcación y señalización de eje Av. Vicuña Mackenna (a ejecutarse 2025),"Av. Vicuña Mackenna, entre Celia Solar y Rodrigo de Araya",1,"Mitigaciones Asociadas a Construcción Edificios a ejecutarse 2025:
Proyecto de demarcación y señalización de eje Av. Vicuña Mackenna, entre Celia Solar y Rodrigo de Araya","[
          [
            -70.62400965618995,
            -33.471806003931505
          ],
          [
            -70.62412735972445,
            -33.471872947041085
          ],
          [
            -70.62436276679271,
            -33.47193989009774
          ],
          [
            -70.62645467960516,
            -33.47219427324391
          ],
          [
            -70.62643327896224,
            -33.4722835303111
          ],
          [
            -70.62489778285716,
            -33.472096090363024
          ],
          [
            -70.62433601598941,
            -33.47202468456236
          ],
          [
            -70.62427181406144,
            -33.47201129596826
          ],
          [
            -70.62407920827827,
            -33.471948815834345
          ],
          [
            -70.62398825554777,
            -33.47189972426999
          ],
          [
            -70.62400965618995,
            -33.471806003931505
          ]
        ]",SEGURIDAD
Reposición canaletas de aguas lluvias en Carlos Fernández,Carlos Fernández con Santa Elena,1,"PAVIMENTACION DE VEREDAS Y CALLES; SEGURIDAD VIAL Y PEATONAL
Reposición canaletas de aguas lluvias en resaltos a nivel de acera en Carlos Fernández con Santa Elena","[
          [
            -70.6261980599213,
            -33.47344144159608
          ],
          [
            -70.62619261477111,
            -33.47351411398801
          ],
          [
            -70.62692226493762,
            -33.473582244299635
          ],
          [
            -70.62694404553862,
            -33.47352319803744
          ],
          [
            -70.62620350507099,
            -33.473445983626725
          ]
        ]",SEGURIDAD
Construcción línea 9 metro de Santiago,"Calle Av. Santa Rosa, de Santa María hasta Av. Carlos Valdovinos",1,"PROYECTOS IMPACTO NIVEL COMUNAL - FINANCIAMIENTO APROBADO - Estación de metro o
combinación proyectada - Construcción línea 9 metro de Santiago","[
          [
            -70.64140177727926,
            -33.47627353873667
          ],
          [
            -70.6428496629253,
            -33.47630976979298
          ],
          [
            -70.64260352236575,
            -33.48117667066724
          ],
          [
            -70.6409239750163,
            -33.48143027339126
          ],
          [
            -70.64134386185354,
            -33.476297692775596
          ]
        ]",PLANES MAESTROS Y DESARROLLO URBANO
Plan Maestro entorno de estaciones línea 5 Metro (En postulación),"Calle Vicuña Makenna, de Santa María hasta Av. Carlos Valdovinos",1,PROYECTOS IMPACTO NIVEL COMUNAL - Plan Maestro entorno estaciones línea 5 Metro - En postulación,"[
          [
            -70.61876070831511,
            -33.487439683617474
          ],
          [
            -70.61901624619688,
            -33.48704856178457
          ],
          [
            -70.6197884471326,
            -33.486349652313905
          ],
          [
            -70.6203364274005,
            -33.48555202117428
          ],
          [
            -70.62100798614208,
            -33.483264227764145
          ],
          [
            -70.62214403322521,
            -33.4790284585824
          ],
          [
            -70.62409885627197,
            -33.471594693642444
          ],
          [
            -70.62434284654461,
            -33.47061358280964
          ],
          [
            -70.62442649685968,
            -33.47029029300637
          ],
          [
            -70.62465688879139,
            -33.4699942049104
          ],
          [
            -70.62559418205484,
            -33.46940653965264
          ],
          [
            -70.62541872911197,
            -33.46919897550614
          ],
          [
            -70.6247832496276,
            -33.46959797451017
          ],
          [
            -70.62426190251237,
            -33.469969771576324
          ],
          [
            -70.62397920548871,
            -33.47033411851049
          ],
          [
            -70.62382694545737,
            -33.47068486459348
          ],
          [
            -70.6237262331964,
            -33.47113474125507
          ],
          [
            -70.62354670409805,
            -33.47206763063422
          ],
          [
            -70.62319597644657,
            -33.4736329473062
          ],
          [
            -70.62242658735569,
            -33.47655525496532
          ],
          [
            -70.62201335971851,
            -33.47785320622509
          ],
          [
            -70.62169795982503,
            -33.47916475715336
          ],
          [
            -70.6211321924037,
            -33.48130770086225
          ],
          [
            -70.62067187777978,
            -33.48300409416908
          ],
          [
            -70.62050374938222,
            -33.48379816606846
          ],
          [
            -70.62026181197716,
            -33.484299828735494
          ],
          [
            -70.61981538160565,
            -33.48480878135529
          ],
          [
            -70.61917048473283,
            -33.48546631876103
          ],
          [
            -70.61864402368403,
            -33.48631027993797
          ],
          [
            -70.61836970093839,
            -33.487106915488745
          ],
          [
            -70.61875852751778,
            -33.48744064400778
          ]
        ]",PLANES MAESTROS Y DESARROLLO URBANO
Mejoramiento de platabanda en calle Tocornal,Calle Tocornal,1,PROYECTOS ÁREAS VERDES Y MEDIO AMBIENTE - Mejoramiento de platabandas calle Tocornal - Ejecutado en 2024,"[
          [
            -70.6261980599213,
            -33.47344144159608
          ],
          [
            -70.62619261477111,
            -33.47351411398801
          ],
          [
            -70.62692226493762,
            -33.473582244299635
          ],
          [
            -70.62694404553862,
            -33.47352319803744
          ],
          [
            -70.62620350507099,
            -33.473445983626725
          ]
        ]",MEDIOAMBIENTE
Proyecto de áreas verdes en Parque Víctor Jara Etapa IV ,"Parque Víctor Jara, tramo Av. Las Industrias hasta Av. Vicuña Mackenna",1,PROYECTOS ÁREAS VERDES Y MEDIO AMBIENTE - En proceso de adjudicación para ejecución 2025 - Parque Víctor Jara Etapa IV Tramo Av. Las Industrias hasta Av. Vicuña Mackenna,"[
          [
            -70.62037030830658,
            -33.48542531136473
          ],
          [
            -70.6201179297525,
            -33.485936500644854
          ],
          [
            -70.62522559095675,
            -33.48474372096431
          ],
          [
            -70.62511742871949,
            -33.484543252180025
          ],
          [
            -70.6250453205611,
            -33.48437285334711
          ],
          [
            -70.62373535568852,
            -33.4846785671052
          ],
          [
            -70.62235328265666,
            -33.48506446834806
          ],
          [
            -70.62035829028,
            -33.485455381405714
          ]
        ]",MEDIOAMBIENTE
Proyecto de áreas verdes en Parque Víctor Jara Etapa IV ,"Parque Víctor Jara, tramo Av. Las Industrias hasta Av. Vicuña Mackenna",1,PROYECTOS ÁREAS VERDES Y MEDIO AMBIENTE - En proceso de adjudicación para ejecución 2025 - Parque Víctor Jara Etapa IV Tramo Av. Las Industrias hasta Av. Vicuña Mackenna,"[
          [
            -70.6252015549729,
            -33.48434242633054
          ],
          [
            -70.62535778931549,
            -33.48471329407807
          ],
          [
            -70.62756910616609,
            -33.48385127470679
          ],
          [
            -70.62904732340847,
            -33.48346035611796
          ],
          [
            -70.62913144959256,
            -33.482768726599836
          ],
          [
            -70.62926364788288,
            -33.48240787422437
          ],
          [
            -70.62955208051577,
            -33.48205704408421
          ],
          [
            -70.63002078354344,
            -33.48163604604155
          ],
          [
            -70.63027316209669,
            -33.48121504595145
          ],
          [
            -70.62973235091059,
            -33.481605974673286
          ],
          [
            -70.62933575604049,
            -33.4817362838552
          ],
          [
            -70.62861467445953,
            -33.48191671162972
          ],
          [
            -70.62829018774706,
            -33.4820971390284
          ],
          [
            -70.6274128718227,
            -33.48293912858712
          ],
          [
            -70.62635528550358,
            -33.483981580510964
          ],
          [
            -70.62611492497601,
            -33.48414195661606
          ],
          [
            -70.6252015549729,
            -33.48435244980352
          ]
        ]",MEDIOAMBIENTE
Proyecto de áreas verdes en Parque Víctor Jara Etapa V,"Parque Víctor Jara, tramo Carmen - Av. las Industrias",1,PROYECTOS ÁREAS VERDES Y MEDIO AMBIENTE - Diseño en revisión 2025 para ejecución 2026-2027 - Parque Víctor Jara Etapa V Tramo Carmen - Av. las Industrias,"[
          [
            -70.62941610390261,
            -33.48333876536369
          ],
          [
            -70.63153356927413,
            -33.48237970536143
          ],
          [
            -70.63130920208245,
            -33.481876779408445
          ],
          [
            -70.63097265129468,
            -33.48131537024528
          ],
          [
            -70.63010322842734,
            -33.48192356334107
          ],
          [
            -70.62976355991174,
            -33.482189713488935
          ],
          [
            -70.629514264549,
            -33.482601927526744
          ],
          [
            -70.62945817275072,
            -33.48297034722904
          ],
          [
            -70.62942311537746,
            -33.48331537378065
          ]
        ]",MEDIOAMBIENTE
Proyecto de áreas verdes en Parque Víctor Jara Etapa V,"Parque Víctor Jara, tramo Carmen - Av. las Industrias",1,PROYECTOS ÁREAS VERDES Y MEDIO AMBIENTE - Diseño en revisión 2025 para ejecución 2026-2027 - Parque Víctor Jara Etapa V Tramo Carmen - Av. las Industrias,"[
          [
            -70.63108251214749,
            -33.48121760676534
          ],
          [
            -70.63165775392541,
            -33.48227178686844
          ],
          [
            -70.63247605560997,
            -33.48202175813223
          ],
          [
            -70.63327005130408,
            -33.481683880316325
          ],
          [
            -70.6328649514603,
            -33.48058238948333
          ],
          [
            -70.63289735944774,
            -33.48041344793253
          ],
          [
            -70.63318092933821,
            -33.480271536775625
          ],
          [
            -70.6331728273418,
            -33.480176929207936
          ],
          [
            -70.63325384731012,
            -33.4801093523118
          ],
          [
            -70.6334969072167,
            -33.48010259461865
          ],
          [
            -70.63335107127294,
            -33.47971064754577
          ],
          [
            -70.63106630815348,
            -33.48121760676534
          ]
        ]",MEDIOAMBIENTE
"Plan Piloto de Reciclaje, Villa San Pedro","Villa San Pedro, Ruta: Santa María/Lira/Isabel Riquelme/Carmen",1,"PILOTO DE RECICLAJE en Villa San Pedro, Ruta: Santa María_Lira_Isabel Riquelme_Carmen","[
          [
            -70.63195288542863,
            -33.47373616288776
          ],
          [
            -70.63487905418417,
            -33.47479314521542
          ],
          [
            -70.63428468246539,
            -33.4771646303748
          ],
          [
            -70.63373392149364,
            -33.479220856804396
          ],
          [
            -70.63308842382641,
            -33.47954867608554
          ],
          [
            -70.63230766853663,
            -33.47974702232426
          ],
          [
            -70.63209213036203,
            -33.479840363137946
          ],
          [
            -70.63150012147433,
            -33.48024884766428
          ],
          [
            -70.63093261001752,
            -33.48062580254377
          ],
          [
            -70.63022097182947,
            -33.481123070525335
          ],
          [
            -70.63014771518137,
            -33.48102088541902
          ],
          [
            -70.63072954867978,
            -33.47880730579265
          ],
          [
            -70.63195288542863,
            -33.473731648816326
          ]
        ]",MEDIOAMBIENTE
Operativos de rertiro de enseres por cuadrante,Ruta: Liszt/Juan Sebastián Bach/Lira/Diagonal Santa Elena,1,OPERATIVOS RETIRO DE ENSERES EN DESUSO (2 retiros al año por cuadrante/ruta),"[
          [
            -70.62317893203034,
            -33.474966679779165
          ],
          [
            -70.62554411166943,
            -33.475412272024705
          ],
          [
            -70.62540668447237,
            -33.47589151108884
          ],
          [
            -70.62525568618513,
            -33.476094860344375
          ],
          [
            -70.62486009219687,
            -33.476382408761744
          ],
          [
            -70.62516316631424,
            -33.476612937986495
          ],
          [
            -70.62441840952931,
            -33.47939809037173
          ],
          [
            -70.62399914116662,
            -33.48091637665843
          ],
          [
            -70.62361189627379,
            -33.482327037355
          ],
          [
            -70.62136030774984,
            -33.48191028717691
          ],
          [
            -70.62170881658668,
            -33.48043973259506
          ],
          [
            -70.62199968318005,
            -33.479420575161
          ]",MEDIOAMBIENTE
Operativos de rertiro de enseres por cuadrante,Ruta: Av. Vicuña Mackenna/Franz Schubert/Liszt/Av. Rodrigo de Araya,1,OPERATIVOS RETIRO DE ENSERES EN DESUSO (2 retiros al año por cuadrante/ruta),"[
          [
            -70.62555580860187,
            -33.47540815023969
          ],
          [
            -70.62557557314602,
            -33.47534766533169
          ],
          [
            -70.62616127165934,
            -33.47545014291332
          ],
          [
            -70.62626009438013,
            -33.47548121692107
          ],
          [
            -70.62637556121831,
            -33.475540996997864
          ],
          [
            -70.63042237523467,
            -33.47955628187827
          ],
          [
            -70.63048499992367,
            -33.47966505493391
          ],
          [
            -70.6302736695663,
            -33.480513965231395
          ],
          [
            -70.63025405231608,
            -33.480572683470605
          ],
          [
            -70.62736176647122,
            -33.48001713209245
          ],
          [
            -70.62439712867105,
            -33.47944370012297
          ],
          [
            -70.62472057626904,
            -33.47825294566658
          ],
          [
            -70.62509493820549,
            -33.47690573241241
          ],
          [
            -70.62516675857162,
            -33.47663485377492
          ],
          [
            -70.62515665945021,
            -33.47660312950853
          ],
          [
            -70.62504539728788,
            -33.476527289413546
          ],
          [
            -70.62486131780231,
            -33.47638691544092
          ],
          [
            -70.62525150143186,
            -33.47610314866002
          ],
          [
            -70.62535041576824,
            -33.47599590183113
          ],
          [
            -70.62542536520753,
            -33.47586492324609
          ],
          [
            -70.62555486529587,
            -33.47541148250068
          ],
          [
            -70.62562782733926,
            -33.475421873209726
          ],
          [
            -70.62549928977703,
            -33.475884196302246
          ],
          [
            -70.62542297283665,
            -33.47601839774261
          ],
          [
            -70.62525820185711,
            -33.4761801577819
          ],
          [
            -70.62496144947907,
            -33.47640265585139
          ],
          [
            -70.62519203591359,
            -33.47656002295272
          ],
          [
            -70.62523036962867,
            -33.47662587017058
          ],
          [
            -70.62447742390353,
            -33.47939933343347
          ],
          [
            -70.6273448576863,
            -33.47995673970823
          ],
          [
            -70.63020425236215,
            -33.48050967562268
          ],
          [
            -70.63041309269164,
            -33.479684817304985
          ],
          [
            -70.63025075413645,
            -33.47950083655969
          ],
          [
            -70.62971325729278,
            -33.47896371052382
          ],
          [
            -70.62865970122083,
            -33.47792521804978
          ],
          [
            -70.62633821291124,
            -33.47560236382004
          ],
          [
            -70.62624150240359,
            -33.475534033036375
          ],
          [
            -70.62614479189595,
            -33.47551505226702
          ],
          [
            -70.62555542668451,
            -33.47540875982433
          ]
        ]",MEDIOAMBIENTE
Operativos de rertiro de enseres por cuadrante,Ruta: Liszt/Juan Sebastián Bach/Lira/Av. Isabel Riquelme,1,OPERATIVOS RETIRO DE ENSERES EN DESUSO (2 retiros al año por cuadrante/ruta),"[
          [
            -70.62206048742539,
            -33.47892368818564
          ],
          [
            -70.62628477680823,
            -33.47975250278205
          ],
          [
            -70.62855845894784,
            -33.48018038355517
          ],
          [
            -70.63026676002019,
            -33.48051395039887
          ],
          [
            -70.63014285463154,
            -33.48101844770812
          ],
          [
            -70.63028003599742,
            -33.481205616949616
          ],
          [
            -70.62973894325103,
            -33.48156748248911
          ],
          [
            -70.62949595263804,
            -33.48167518720406
          ],
          [
            -70.62858715482635,
            -33.48191085372584
          ],
          [
            -70.62823150208449,
            -33.48211889372783
          ],
          [
            -70.62720065640357,
            -33.48313153218266
          ],
          [
            -70.62639173119976,
            -33.483928690416825
          ],
          [
            -70.6262375735675,
            -33.48405269804119
          ],
          [
            -70.62607016695125,
            -33.48413250496672
          ],
          [
            -70.62517383426389,
            -33.48433900523411
          ],
          [
            -70.62345307539557,
            -33.4847329718828
          ],
          [
            -70.62263655966566,
            -33.484969475294314
          ],
          [
            -70.62022625419613,
            -33.48545268417734
          ],
          [
            -70.62045282132873,
            -33.48473715118378
          ],
          [
            -70.62067276396981,
            -33.48389454214852
          ],
          [
            -70.62106370141832,
            -33.4824839682893
          ],
          [
            -70.6212823558642,
            -33.48181183254163
          ],
          [
            -70.62148444908044,
            -33.48100985291021
          ],
          [
            -70.62166866543869,
            -33.48006387205839
          ],
          [
            -70.62203538131108,
            -33.47898064264934
          ],
          [
            -70.62212214289244,
            -33.47899605501922
          ],
          [
            -70.62174882629155,
            -33.48041051606723
          ],
          [
            -70.6213026402796,
            -33.4821841224801
          ],
          [
            -70.6204102682566,
            -33.48531141266237
          ],
          [
            -70.62227018811535,
            -33.484942463857884
          ],
          [
            -70.62367632938887,
            -33.484567528129425
          ],
          [
            -70.62591872256425,
            -33.48406167657102
          ],
          [
            -70.62610549697854,
            -33.48399307319631
          ],
          [
            -70.62628564690039,
            -33.48386921890462
          ],
          [
            -70.62731998923884,
            -33.482842540606114
          ],
          [
            -70.62819810323212,
            -33.48200578026692
          ],
          [
            -70.62848737330616,
            -33.48184270910294
          ],
          [
            -70.62938283015217,
            -33.48159721956566
          ],
          [
            -70.6296820827313,
            -33.481478810466854
          ],
          [
            -70.63016272721279,
            -33.48117323252855
          ],
          [
            -70.63008682194959,
            -33.48108030016824
          ],
          [
            -70.63006391262157,
            -33.48099841837206
          ],
          [
            -70.63017702839164,
            -33.48056706132608
          ],
          [
            -70.62203975879373,
            -33.47898123400796
          ],
          [
            -70.6220619671808,
            -33.47892405329898
          ]
        ]",MEDIOAMBIENTE
Operativos de rertiro de enseres por cuadrante,Ruta: Santa María/Lira/Isabel Riquelme/Carmen,1,OPERATIVOS RETIRO DE ENSERES EN DESUSO (2 retiros al año por cuadrante/ruta),"[
          [
            -70.6319056957234,
            -33.47364855355856
          ],
          [
            -70.6350321182675,
            -33.47475395457747
          ],
          [
            -70.63441347131628,
            -33.47715229661823
          ],
          [
            -70.63392168592729,
            -33.479080821363716
          ],
          [
            -70.63377908824026,
            -33.479295308141324
          ],
          [
            -70.63364663947775,
            -33.47939128394869
          ],
          [
            -70.63306890096202,
            -33.47965137655046
          ],
          [
            -70.63264707398356,
            -33.47976354125155
          ],
          [
            -70.63218465130512,
            -33.479905333488595
          ],
          [
            -70.6312938040915,
            -33.48051356051263
          ],
          [
            -70.63099833349695,
            -33.48073926309615
          ],
          [
            -70.63057092687794,
            -33.48101575509776
          ],
          [
            -70.63020961456547,
            -33.48125574036089
          ],
          [
            -70.63007336184604,
            -33.48109426921864
          ],
          [
            -70.63004887737526,
            -33.48103903353984
          ],
          [
            -70.63007513752964,
            -33.48094993826736
          ],
          [
            -70.63189647149343,
            -33.47364855354925
          ],
          [
            -70.63195604034483,
            -33.47376971710941
          ],
          [
            -70.6301809434743,
            -33.48096496568272
          ],
          [
            -70.63016439021317,
            -33.48103569961225
          ],
          [
            -70.63021887942757,
            -33.4810979686451
          ],
          [
            -70.63074396378136,
            -33.480744239527276
          ],
          [
            -70.6320636219731,
            -33.47982681829094
          ],
          [
            -70.63233257604422,
            -33.47971465359873
          ],
          [
            -70.63305875203686,
            -33.47952397328911
          ],
          [
            -70.63334851291678,
            -33.47940069687548
          ],
          [
            -70.63368901842045,
            -33.47920123493034
          ],
          [
            -70.633789477182,
            -33.47902242085493
          ],
          [
            -70.63488453059509,
            -33.47479724517646
          ],
          [
            -70.6319433699228,
            -33.47376749086734
          ],
          [
            -70.63190414115982,
            -33.473653373213544
          ]
        ]",MEDIOAMBIENTE
Operativos de rertiro de enseres por cuadrante,Ruta: Ana/Nueva Macul/María/Rivas,1,OPERATIVOS RETIRO DE ENSERES EN DESUSO (2 retiros al año por cuadrante/ruta),"[
          [
            -70.63320705280414,
            -33.48080380678796
          ],
          [
            -70.63434440840052,
            -33.48047232910595
          ],
          [
            -70.63480457985976,
            -33.48160850719853
          ],
          [
            -70.6336776827058,
            -33.48193998053293
          ],
          [
            -70.63320443819406,
            -33.480808168327115
          ],
          [
            -70.63328026190035,
            -33.48084306063962
          ],
          [
            -70.63371951647552,
            -33.48187237752142
          ],
          [
            -70.63472352693266,
            -33.481575795945716
          ],
          [
            -70.63429996002077,
            -33.48053557165619
          ],
          [
            -70.63327503267877,
            -33.48083869910104
          ],
          [
            -70.63320443819406,
            -33.48080380678796
          ]
        ]",MEDIOAMBIENTE
Operativos de rertiro de enseres por cuadrante,Ruta: Pintor Cicarelli/Carmen/Av. Isabel Riquelme/Av. Santa Rosa,1,OPERATIVOS RETIRO DE ENSERES EN DESUSO (2 retiros al año por cuadrante/ruta),"[
          [
            -70.63443112837201,
            -33.476603465936975
          ],
          [
            -70.63453812308067,
            -33.47671988706519
          ],
          [
            -70.63582022190303,
            -33.476883222245824
          ],
          [
            -70.63691064725772,
            -33.47704953042172
          ],
          [
            -70.63907554480615,
            -33.47714548840867
          ],
          [
            -70.64178428135178,
            -33.47724144628937
          ],
          [
            -70.64175290602522,
            -33.47761655335031
          ],
          [
            -70.64118815014324,
            -33.47759910654602
          ],
          [
            -70.64012138903227,
            -33.477878254989335
          ],
          [
            -70.63906508636371,
            -33.47826208262925
          ],
          [
            -70.63830162007862,
            -33.47849761238525
          ],
          [
            -70.63706433791351,
            -33.47868594714676
          ],
          [
            -70.63587299700056,
            -33.47872641723003
          ],
          [
            -70.63491047315395,
            -33.478845017357834
          ],
          [
            -70.63428702020765,
            -33.47893624811509
          ],
          [
            -70.63413522324292,
            -33.47899494772377
          ],
          [
            -70.63406346181705,
            -33.47900191058166
          ],
          [
            -70.63399170039119,
            -33.4789727403903
          ],
          [
            -70.63396457129316,
            -33.478922563492546
          ],
          [
            -70.63398076262078,
            -33.478872386594794
          ],
          [
            -70.63453858894023,
            -33.47671931351967
          ],
          [
            -70.63443341111373,
            -33.47660268995707
          ],
          [
            -70.63379482051357,
            -33.479027478776224
          ],
          [
            -70.6339588870785,
            -33.47906397101301
          ],
          [
            -70.63412015372121,
            -33.47915169847912
          ],
          [
            -70.63440733568872,
            -33.47906397101301
          ],
          [
            -70.63486672207013,
            -33.478990986522824
          ],
          [
            -70.63573080597791,
            -33.47889975582321
          ],
          [
            -70.63639801000733,
            -33.4788632635172
          ],
          [
            -70.63710896512133,
            -33.47880852502756
          ],
          [
            -70.63813711559405,
            -33.478662555555154
          ],
          [
            -70.63944964811135,
            -33.478270261378256
          ],
          [
            -70.640302794248,
            -33.47796007402793
          ],
          [
            -70.64071842954552,
            -33.477841472688695
          ],
          [
            -70.64127625586576,
            -33.47774111758278
          ],
          [
            -70.64184558897904,
            -33.477726848931745
          ],
          [
            -70.64193252212475,
            -33.477138984503824
          ],
          [
            -70.64156063791106,
            -33.47710249145494
          ],
          [
            -70.6402699809353,
            -33.477065998391915
          ],
          [
            -70.63827930661671,
            -33.47700213549305
          ],
          [
            -70.63738240939621,
            -33.47696564238647
          ],
          [
            -70.63651482558551,
            -33.476896159221404
          ],
          [
            -70.63570893043563,
            -33.47676493002953
          ],
          [
            -70.6344349533308,
            -33.47660292727288
          ]
        ]",MEDIOAMBIENTE
Operativos de rertiro de enseres por cuadrante,Ruta: Carmen/Santa Maria/Pintor Cicarelli,1,OPERATIVOS RETIRO DE ENSERES EN DESUSO (2 retiros al año por cuadrante/ruta),"[
          [
            -70.63729068726404,
            -33.47554253814034
          ],
          [
            -70.63727212136757,
            -33.475594158827334
          ],
          [
            -70.63499470471598,
            -33.47483016951939
          ],
          [
            -70.63454912319735,
            -33.47661108009013
          ],
          [
            -70.63731544179235,
            -33.47697758178108
          ],
          [
            -70.63746396896583,
            -33.47612068807794
          ],
          [
            -70.63751966665524,
            -33.47612068807794
          ],
          [
            -70.63738970537912,
            -33.47709114537187
          ],
          [
            -70.63649854234183,
            -33.47697758178108
          ],
          [
            -70.634394407392,
            -33.47667818614952
          ],
          [
            -70.63491425249735,
            -33.47471660296652
          ],
          [
            -70.63730925316051,
            -33.47553737606949
          ],
          [
            -70.63727212136757,
            -33.475583834693
          ]
        ]",MEDIOAMBIENTE
Operativos de rertiro de enseres por cuadrante,Ruta: Av. Santa Rosa/Av. Isabel Riquelme/Pacífico/Av. Carlos Valdovinos,1,OPERATIVOS RETIRO DE ENSERES EN DESUSO (2 retiros al año por cuadrante/ruta),"[
          [
            -70.63684336111513,
            -33.478812571565356
          ],
          [
            -70.63751517017933,
            -33.47876457356692
          ],
          [
            -70.6381958594311,
            -33.478655389590024
          ],
          [
            -70.63886345850518,
            -33.478469776513855
          ],
          [
            -70.63979286113761,
            -33.478164059991805
          ],
          [
            -70.64049973074515,
            -33.477912934898804
          ],
          [
            -70.64086625572703,
            -33.477804670028306
          ],
          [
            -70.64123278070892,
            -33.47774915727188
          ],
          [
            -70.6417171172921,
            -33.47773823875228
          ],
          [
            -70.64148149408913,
            -33.48089363361013
          ],
          [
            -70.63773770320373,
            -33.48195268501587
          ],
          [
            -70.63687375146101,
            -33.47980181448315
          ],
          [
            -70.636724436524,
            -33.479437886810665
          ],
          [
            -70.63669945112653,
            -33.479321281261115
          ],
          [
            -70.6367287818166,
            -33.47920090035975
          ],
          [
            -70.63685398758633,
            -33.478964186801726
          ],
          [
            -70.63684757110522,
            -33.47881916550377
          ],
          [
            -70.63670506821704,
            -33.47871905957615
          ],
          [
            -70.63670604285404,
            -33.47896131891708
          ],
          [
            -70.63657018655036,
            -33.47926532187805
          ],
          [
            -70.63656081904416,
            -33.479358319778314
          ],
          [
            -70.63657416643768,
            -33.4794239989531
          ],
          [
            -70.63765397750825,
            -33.48212283385055
          ],
          [
            -70.64169093693586,
            -33.480970060434075
          ],
          [
            -70.64190037978261,
            -33.47758537933533
          ],
          [
            -70.64131132177629,
            -33.47758537933533
          ],
          [
            -70.64066990305797,
            -33.47771640170963
          ],
          [
            -70.63987140220493,
            -33.47796752737229
          ],
          [
            -70.63898127010644,
            -33.478262326134356
          ],
          [
            -70.63843148263359,
            -33.478426102790436
          ],
          [
            -70.63794714605045,
            -33.47852436863574
          ],
          [
            -70.6372664567987,
            -33.478644471184566
          ],
          [
            -70.6367013726572,
            -33.478717817560316
          ]
        ]",MEDIOAMBIENTE
,,,,,
,,,,,
,,,,,
,,,,,
,,,,,
,,,,,
,,,,,
,,,,,
,,,,,
,,,,,
,,,,,
,,,,,
,,,,,
,,,,,
,,,,,
,,,,,
,,,,,
,,,,,
,,,,,
,,,,,
,,,,,
,,,,,
,,,,,
,,,,,
,,,,,
,,,,,
,,,,,
,,,,,
,,,,,
,,,,,
,,,,,
,,,,,
,,,,,
,,,,,
,,,,,
,,,,,
,,,,,
,,,,,
,,,,,
,,,,,
,,,,,
,,,,,
,,,,,
,,,,,
,,,,,
,,,,,
,,,,,
,,,,,
,,,,,
,,,,,
,,,,,
,,,,,
,,,,,
,,,,,
,,,,,
,,,,,
,,,,,
,,,,,
,,,,,
,,,,,
,,,,,
,,,,,
,,,,,
,,,,,
,,,,,
,,,,,
,,,,,
,,,,,
,,,,,
,,,,,
,,,,,
,,,,,
,,,,,
,,,,,
,,,,,
,,,,,
,,,,,
,,,,,
,,,,,
,,,,,
,,,,,
,,,,,
,,,,,
,,,,,
,,,,,
,,,,,
,,,,,
,,,,,
,,,,,
,,,,,
,,,,,
,,,,,
,,,,,
,,,,,
,,,,,
,,,,,
,,,,,
,,,,,
,,,,,
,,,,,
,,,,,
,,,,,
,,,,,
,,,,,
,,,,,
,,,,,
,,,,,
,,,,,
,,,,,
,,,,,
,,,,,
,,,,,
,,,,,
,,,,,
,,,,,
,,,,,
,,,,,
,,,,,
,,,,,
,,,,,
,,,,,
,,,,,
,,,,,
,,,,,
,,,,,
,,,,,
,,,,,
,,,,,
,,,,,
,,,,,
,,,,,
,,,,,
,,,,,
,,,,,
,,,,,
,,,,,
,,,,,
,,,,,
,,,,,
,,,,,
,,,,,
,,,,,
,,,,,
,,,,,
,,,,,
,,,,,
,,,,,
,,,,,
,,,,,
,,,,,
,,,,,
,,,,,
,,,,,
,,,,,
,,,,,
,,,,,
,,,,,
,,,,,
,,,,,
,,,,,
,,,,,
,,,,,
,,,,,
,,,,,
,,,,,
,,,,,
,,,,,
,,,,,
,,,,,
,,,,,
,,,,,
,,,,,
,,,,,
,,,,,
,,,,,
,,,,,
,,,,,
,,,,,
,,,,,
,,,,,
,,,,,
,,,,,
,,,,,
,,,,,
,,,,,
,,,,,
,,,,,
,,,,,
,,,,,
,,,,,
,,,,,
,,,,,
,,,,,
,,,,,
,,,,,
,,,,,
,,,,,
,,,,,
,,,,,
,,,,,
,,,,,
,,,,,
,,,,,
,,,,,
,,,,,
,,,,,
,,,,,
,,,,,
,,,,,
,,,,,
,,,,,
,,,,,
,,,,,
,,,,,
,,,,,
,,,,,
,,,,,
,,,,,
,,,,,
,,,,,
,,,,,
,,,,,
,,,,,
,,,,,
,,,,,
,,,,,
,,,,,
,,,,,
,,,,,
,,,,,
,,,,,
,,,,,
,,,,,
,,,,,
,,,,,
,,,,,
,,,,,
,,,,,
,,,,,
,,,,,
,,,,,
,,,,,
,,,,,
,,,,,
,,,,,
,,,,,
,,,,,
,,,,,
,,,,,
,,,,,
,,,,,
,,,,,
,,,,,
,,,,,
,,,,,
,,,,,
,,,,,
,,,,,
,,,,,
,,,,,
,,,,,
,,,,,
,,,,,
,,,,,
,,,,,
,,,,,
,,,,,
,,,,,
,,,,,
,,,,,
,,,,,
,,,,,
,,,,,
,,,,,
,,,,,
,,,,,
,,,,,
,,,,,
,,,,,
,,,,,
,,,,,
,,,,,
,,,,,
,,,,,
,,,,,
,,,,,
,,,,,
,,,,,
,,,,,
,,,,,
,,,,,
,,,,,
,,,,,
,,,,,
,,,,,
,,,,,
,,,,,
,,,,,
,,,,,
,,,,,
,,,,,
,,,,,
,,,,,
,,,,,
,,,,,
,,,,,
,,,,,
,,,,,
,,,,,
,,,,,
,,,,,
,,,,,
,,,,,
,,,,,
,,,,,
,,,,,
,,,,,
,,,,,
,,,,,
,,,,,
,,,,,
,,,,,
,,,,,
,,,,,
,,,,,
,,,,,
,,,,,
,,,,,
,,,,,
,,,,,
,,,,,
,,,,,
,,,,,
,,,,,
,,,,,
,,,,,
,,,,,
,,,,,
,,,,,
,,,,,
,,,,,
,,,,,
,,,,,
,,,,,
,,,,,
,,,,,
,,,,,
,,,,,
,,,,,
,,,,,
,,,,,
,,,,,
,,,,,
,,,,,
,,,,,
,,,,,
,,,,,
,,,,,
,,,,,
,,,,,
,,,,,
,,,,,
,,,,,
,,,,,
,,,,,
,,,,,
,,,,,
,,,,,
,,,,,
,,,,,
,,,,,
,,,,,
,,,,,
,,,,,
,,,,,
,,,,,
,,,,,
,,,,,
,,,,,
,,,,,
,,,,,
,,,,,
,,,,,
,,,,,
,,,,,
,,,,,
,,,,,
,,,,,
,,,,,
,,,,,
,,,,,
,,,,,
,,,,,
,,,,,
,,,,,
,,,,,
,,,,,
,,,,,
,,,,,
,,,,,
,,,,,
,,,,,
,,,,,
,,,,,
,,,,,
,,,,,
,,,,,
,,,,,
,,,,,
,,,,,
,,,,,
,,,,,
,,,,,
,,,,,
,,,,,
,,,,,
,,,,,
,,,,,
,,,,,
,,,,,
,,,,,
,,,,,
,,,,,
,,,,,
,,,,,
,,,,,
,,,,,
,,,,,
,,,,,
,,,,,
,,,,,
,,,,,
,,,,,
,,,,,
,,,,,
,,,,,
,,,,,
,,,,,
,,,,,
,,,,,
,,,,,
,,,,,
,,,,,
,,,,,
,,,,,
,,,,,
,,,,,
,,,,,
,,,,,
,,,,,
,,,,,
,,,,,
,,,,,
,,,,,
,,,,,
,,,,,
,,,,,
,,,,,
,,,,,
,,,,,
,,,,,
,,,,,
,,,,,
,,,,,
,,,,,
,,,,,
,,,,,
,,,,,
,,,,,
,,,,,
,,,,,
,,,,,
,,,,,
,,,,,
,,,,,
,,,,,
,,,,,
,,,,,
,,,,,
,,,,,
,,,,,
,,,,,
,,,,,
,,,,,
,,,,,
,,,,,
,,,,,
,,,,,
,,,,,
,,,,,
,,,,,
,,,,,
,,,,,
,,,,,
,,,,,
,,,,,
,,,,,
,,,,,
,,,,,
,,,,,
,,,,,
,,,,,
,,,,,
,,,,,
,,,,,
,,,,,
,,,,,
,,,,,
,,,,,
,,,,,
,,,,,
,,,,,
,,,,,
,,,,,
,,,,,
,,,,,
,,,,,
,,,,,
,,,,,
,,,,,
,,,,,
,,,,,
,,,,,
,,,,,
,,,,,
,,,,,
,,,,,
,,,,,
,,,,,
,,,,,
,,,,,
,,,,,
,,,,,
,,,,,
,,,,,
,,,,,
,,,,,
,,,,,
,,,,,
,,,,,
,,,,,
,,,,,
,,,,,
,,,,,
,,,,,
,,,,,
,,,,,
,,,,,
,,,,,
,,,,,
,,,,,
,,,,,
,,,,,
,,,,,
,,,,,
,,,,,
,,,,,
,,,,,
,,,,,
,,,,,
,,,,,
,,,,,
,,,,,
,,,,,
,,,,,
,,,,,
,,,,,
,,,,,
,,,,,
,,,,,
,,,,,
,,,,,
,,,,,
,,,,,
,,,,,
,,,,,
,,,,,
,,,,,
,,,,,
,,,,,
,,,,,
,,,,,
,,,,,
,,,,,
,,,,,
,,,,,
,,,,,
,,,,,
,,,,,
,,,,,
,,,,,
,,,,,
,,,,,
,,,,,
,,,,,
,,,,,
,,,,,
,,,,,
,,,,,
,,,,,
,,,,,
,,,,,
,,,,,
,,,,,
,,,,,
,,,,,
,,,,,
,,,,,
,,,,,
,,,,,
,,,,,
,,,,,
,,,,,
,,,,,
,,,,,
,,,,,
,,,,,
,,,,,
,,,,,
,,,,,
,,,,,
,,,,,
,,,,,
,,,,,
,,,,,
,,,,,
,,,,,
,,,,,
,,,,,
,,,,,
,,,,,
,,,,,
,,,,,
,,,,,
,,,,,
,,,,,
,,,,,
,,,,,
,,,,,
,,,,,
,,,,,
,,,,,
,,,,,
,,,,,
,,,,,
,,,,,
,,,,,
,,,,,
,,,,,
,,,,,
,,,,,
,,,,,
,,,,,
,,,,,
,,,,,
,,,,,
,,,,,
,,,,,
,,,,,
,,,,,
,,,,,
,,,,,
,,,,,
,,,,,
,,,,,
,,,,,
,,,,,
,,,,,
,,,,,
,,,,,
,,,,,
,,,,,
,,,,,
,,,,,
,,,,,
,,,,,
,,,,,
,,,,,
,,,,,
,,,,,
,,,,,
,,,,,
,,,,,
,,,,,
,,,,,
,,,,,
,,,,,
,,,,,
,,,,,
,,,,,
,,,,,
,,,,,
,,,,,
,,,,,
,,,,,
,,,,,
,,,,,
,,,,,
,,,,,
,,,,,
,,,,,
,,,,,
,,,,,
,,,,,
,,,,,
,,,,,
,,,,,
,,,,,
,,,,,
,,,,,
,,,,,
,,,,,
,,,,,
,,,,,
,,,,,
,,,,,
,,,,,
,,,,,
,,,,,
,,,,,
,,,,,
,,,,,
,,,,,
,,,,,
,,,,,
,,,,,
,,,,,
,,,,,
,,,,,
,,,,,
,,,,,
,,,,,
,,,,,
,,,,,
,,,,,
,,,,,
,,,,,
,,,,,
,,,,,
,,,,,
,,,,,
,,,,,
,,,,,
,,,,,
,,,,,
,,,,,
,,,,,
,,,,,
,,,,,
,,,,,
,,,,,
,,,,,
,,,,,
,,,,,
,,,,,
,,,,,
,,,,,
,,,,,
,,,,,
,,,,,
,,,,,
,,,,,
,,,,,
,,,,,
,,,,,
,,,,,
,,,,,
,,,,,
,,,,,
,,,,,
,,,,,
,,,,,
,,,,,
,,,,,
,,,,,
,,,,,
,,,,,
,,,,,
,,,,,
,,,,,
,,,,,
,,,,,
,,,,,
,,,,,
,,,,,
,,,,,
,,,,,
,,,,,
,,,,,
,,,,,
,,,,,
,,,,,
,,,,,
,,,,,
,,,,,
,,,,,
,,,,,
,,,,,
,,,,,
,,,,,
,,,,,
,,,,,
,,,,,
,,,,,
,,,,,
,,,,,
,,,,,
,,,,,
,,,,,
,,,,,
,,,,,
,,,,,
,,,,,
,,,,,
,,,,,
,,,,,
,,,,,
,,,,,
,,,,,
,,,,,
,,,,,
,,,,,
,,,,,
,,,,,
,,,,,
,,,,,
,,,,,
,,,,,
,,,,,
,,,,,
,,,,,
,,,,,
,,,,,
,,,,,
,,,,,
,,,,,
,,,,,
,,,,,
,,,,,
,,,,,
,,,,,
,,,,,
,,,,,
,,,,,
,,,,,
,,,,,
,,,,,
,,,,,
,,,,,
,,,,,
,,,,,
,,,,,
,,,,,
,,,,,
,,,,,
,,,,,
,,,,,
,,,,,
,,,,,
,,,,,
,,,,,
,,,,,
,,,,,
,,,,,
,,,,,
,,,,,
,,,,,
,,,,,
,,,,,
,,,,,
,,,,,
,,,,,
,,,,,
,,,,,
,,,,,
,,,,,
,,,,,
,,,,,
,,,,,
,,,,,
,,,,,
,,,,,
,,,,,
,,,,,
,,,,,
,,,,,
,,,,,
,,,,,
,,,,,
,,,,,
,,,,,
,,,,,
,,,,,
,,,,,
,,,,,
,,,,,
,,,,,
,,,,,
,,,,,
,,,,,
,,,,,
,,,,,
,,,,,
,,,,,
,,,,,
,,,,,
,,,,,
,,,,,
,,,,,
,,,,,
,,,,,
,,,,,
,,,,,
,,,,,
,,,,,
,,,,,
,,,,,
,,,,,
,,,,,
,,,,,
,,,,,
,,,,,
,,,,,
,,,,,
,,,,,
,,,,,
,,,,,
,,,,,
,,,,,
,,,,,
,,,,,
